review_score,review_answer_timestamp,review_comment_title,review_comment_message
5,"2018-03-20 19:36:04",NULL,NULL
5,"2018-06-26 15:51:29",NULL,NULL
5,"2018-04-26 16:55:36","Entrega rápida!","A entrega foi super rápida e o pendente é lindo! Igual a foto mesmo! "
5,"2017-06-02 01:28:55",NULL,NULL
5,"2017-08-13 21:56:53",NULL,NULL
5,"2018-02-06 21:54:37",NULL,NULL
5,"2018-07-02 14:32:24","SUPER RECOMENDO","GOSTEI DA CAPINHA DE CELULAR, VEIO COMO EU ESPERAVA."
5,"2017-09-02 15:04:08",NULL,"otimo produto. prazo cumprido. sabor tambem muito bom! "
5,"2017-11-27 12:37:22",NULL,"O produto foi entregue muito antes do esperado. Ótima agilidade."
5,"2017-06-23 01:19:41",NULL,"Bom eu já sabia que era,mas é muito bonito.recomendo."
5,"2017-10-15 19:53:22",NULL,"Muito bom "
5,"2017-11-18 03:22:01",NULL,"Entrega antes do prazo satisfeito "
5,"2018-06-20 06:48:13",Bom,"Meu sait preferido "
5,"2017-08-30 14:03:31",NULL,NULL
5,"2018-06-16 21:15:24",NULL,NULL
5,"2017-08-06 01:47:13",NULL,NULL
5,"2018-01-19 02:51:32",NULL,NULL
5,"2018-06-14 02:24:36",NULL,NULL
5,"2018-04-17 01:11:12",NULL,NULL
5,"2017-06-07 06:00:21",NULL,"Muito satisfeita com o produto, entrega e a praticidade do site. "
5,"2018-05-25 19:57:16","ENTREGA DENTRO DO PRAZO","ENTREGA DENTRO DO PRAZO..RECOMENDO!"
5,"2018-05-17 00:25:19",NULL,"Muito feliz com minha compra. O pedido chegou 
em 2 dias. Recomendo"
5,"2018-04-28 04:28:01",NULL,NULL
5,"2017-09-28 01:54:04",NULL,"Chegou bem antes do prazo e o material de muito boa qualidade!"
5,"2018-03-16 12:18:48",NULL,"Linda , amei"
5,"2018-07-24 13:57:27",NULL,NULL
5,"2018-06-25 16:30:21",NULL,NULL
5,"2017-11-26 14:21:30",NULL,NULL
5,"2018-05-01 01:48:44","Recomendo ","Fiquei muito satisfeita."
5,"2017-07-16 18:33:50",NULL,"Recebi o relógio, antes do prazo e agradou bastante. Satisfação plena."
5,"2017-06-12 21:36:32",NULL,NULL
5,"2017-04-26 12:44:16",NULL,NULL
5,"2017-11-09 15:45:42",NULL,NULL
5,"2018-07-11 13:29:17",recomendo,"produto entregue no prazo e tem boa qualidade"
5,"2017-03-08 09:49:45",NULL,NULL
5,"2017-01-14 12:20:25",NULL,"O produto chegou com bastante antescedencia e fiquei muito feliz por isso. Obrigada"
5,"2018-06-18 01:58:20",NULL,NULL
5,"2017-03-13 21:56:20",NULL,"O produto chegou no prazo, todo embalado certinho. "
5,"2017-10-10 04:03:18",NULL,"Gostei demais. Bem em conta e foi entregue super rápido. Com certeza recomendo. "
5,"2018-01-06 22:46:11",NULL,"so tem demorado mais que o normal as estregas do site depois que comecaram a vender com parceiros, fora isso nd mais a falar, foi entregue no prazo, o produto de excelente qualidade"
5,"2017-08-22 21:52:17",NULL,NULL
5,"2018-05-21 17:47:15","super recomendado","muito bom "
5,"2017-11-30 02:07:38",NULL,"Ótimo produto,entrega rápida e super bem embalado.Super recomendo!!!"
5,"2018-04-02 03:16:46",NULL,"Satisfeita com o resultado. "
5,"2017-11-07 15:45:12",NULL,NULL
5,"2017-03-09 11:00:37",NULL,NULL
5,"2017-10-09 22:44:01",NULL,NULL
5,"2018-05-20 18:12:30",NULL,NULL
5,"2018-02-12 14:05:05",NULL,"Evitem mandar coisas pelos Correios. Tem muitas transportadoras por aí que oferecem o mesmo serviço. Os Correios é a pior instituição de transportes de encomendas do Brasil. Não encontram casa alguma"
5,"2017-06-23 02:49:50",NULL,NULL
5,"2017-12-23 19:46:59",NULL,"Bom produtos entrega rapida"
5,"2017-03-20 01:39:40",NULL,Gostei
5,"2018-03-05 12:56:52",NULL,NULL
5,"2018-05-20 18:15:11",NULL,NULL
5,"2018-05-07 17:00:11",NULL,"O produto foi entregue até antes da data prevista. Fiquei satisfeita com a compra."
5,"2018-05-31 00:10:23",NULL,NULL
5,"2018-04-07 17:57:53",NULL,"Como da imagem, entrega super rápido, bem mais bonito do que imaginei, custo benefício ótimo."
5,"2018-08-11 20:03:41",NULL,NULL
5,"2018-07-14 14:34:42",NULL,NULL
5,"2018-08-29 21:11:50",NULL,NULL
5,"2017-11-16 14:25:12",NULL,"Tenho a loja baratheon como a minha preferencia e recomendo."
5,"2017-12-10 20:07:17",NULL,NULL
5,"2018-06-25 14:01:42",NULL,NULL
5,"2018-02-19 05:19:36",NULL,NULL
5,"2018-05-10 15:12:05",NULL,NULL
5,"2017-10-25 19:21:31",NULL,"muito bom, recebi antes do prazo previsto"
5,"2017-06-06 23:51:04",NULL,NULL
5,"2018-07-25 02:25:08",NULL,NULL
5,"2017-10-11 00:47:37",NULL,NULL
5,"2018-06-24 01:02:58","Jogo de palavras cruzadas","O produto chegou em bom estado. Estou satisfeita. "
5,"2018-04-20 19:23:06",NULL,"A entrega ocorreu dentro do prazo esperado, dentro da qualidade pretendida. Tudo Ok!."
5,"2017-11-09 15:19:38",NULL,NULL
5,"2018-07-01 17:09:40",NULL,NULL
5,"2018-09-06 14:00:52",NULL,NULL
5,"2017-09-22 07:07:24",NULL,"Estou gostando do produto. Gostaria de comprar outros produtos, tipo 2 ou 3 produtos, e pagar apenas um frete. Não seria justo? Fica a dica!"
5,"2017-02-27 14:55:16",NULL,"Recebido dentro do prazo e em perfeito estado."
5,"2017-08-17 13:24:39",NULL,"Recomendo entregaram bem antes do prazo."
5,"2017-08-24 14:36:19",NULL,"excelente foi"
5,"2017-12-15 02:33:38",NULL,NULL
5,"2017-08-16 15:57:45",NULL,NULL
5,"2018-07-15 22:58:52","muito bom , dez .","muito rapido ,dentro do esperado ."
5,"2017-12-16 09:09:37",NULL,NULL
5,"2017-11-30 17:09:37",NULL,"super recomendo muito bom"
5,"2018-05-20 20:28:36",NULL,NULL
5,"2018-05-05 04:30:06",NULL,NULL
5,"2018-08-08 11:20:55",NULL,"Muito bom e segurobo produto"
5,"2018-04-25 15:16:24",NULL,NULL
5,"2018-05-23 16:49:46",NULL,NULL
5,"2018-05-02 18:36:39",NULL,NULL
5,"2018-03-31 22:59:36",NULL,NULL
5,"2017-10-03 23:52:10",NULL,"Meu filho adorou, é exatamente como anunciado."
5,"2018-03-02 23:39:57",NULL,NULL
5,"2018-06-10 04:36:39",NULL,NULL
5,"2018-06-22 12:54:27",*****,NULL
5,"2018-05-22 15:20:02",prazo,"Chegou antes do prazo previsto e em perfeito estado"
5,"2017-02-06 20:26:18",NULL,NULL
5,"2017-10-14 06:46:00",NULL,"Além de linda chegou com uma semana, bem antes do prazo estipulado para entrega. "
5,"2017-11-07 15:51:47",NULL,NULL
5,"2018-03-24 19:12:43",NULL,NULL
5,"2017-10-18 11:04:37",NULL,NULL
5,"2018-08-17 14:09:19",Recomendo,"Entrega antes do prazo e produto conforme o anúncio. Recomendo."
5,"2018-03-14 18:45:50",NULL,NULL
5,"2018-01-07 03:11:51",NULL,NULL
5,"2018-05-21 16:36:26",NULL,NULL
5,"2018-07-02 13:10:13",NULL,NULL
5,"2017-09-28 01:41:04",NULL,"o produto é otimo, super resistente e muito mais higienica que as outras..recomendo."
5,"2017-12-01 20:29:15",NULL,NULL
5,"2018-02-05 14:06:27",NULL,NULL
5,"2018-03-22 18:08:28",NULL,"Veio tudo certinho!!!"
5,"2017-12-15 00:05:58",NULL,"Gostei doproduto comprado obrigado."
5,"2017-11-19 04:56:17",NULL,"









"
5,"2017-04-14 05:24:51",NULL,NULL
5,"2017-04-20 23:14:49",NULL,"muito bom o produto, chegou rápido loja competente."
5,"2017-04-04 14:51:29",NULL,"Nossa, excelente!!! Superaram minhas expectativas, vou fazer novas compras fim do mes!!!
Nota 10"
5,"2017-08-10 01:32:25",NULL,NULL
5,"2017-11-25 01:56:45",NULL,NULL
5,"2017-10-08 21:43:23",NULL,NULL
5,"2018-03-12 18:23:47",NULL,NULL
5,"2017-11-14 21:29:28",NULL,"Adorei minha cortina, um material bem bom, veio em perfeito estado. Cor e modelo corretíssimo.Recomendo."
5,"2017-12-30 21:13:06",NULL,"Simplesmente adorei!!! Lindo exatamente como mostra a imagem."
5,"2017-06-22 14:59:40",NULL,NULL
5,"2018-05-21 14:44:51",NULL,NULL
5,"2018-07-27 02:53:34",NULL,NULL
5,"2017-09-04 18:40:54",NULL,NULL
5,"2017-12-13 22:38:09",NULL,otima
5,"2018-08-08 02:13:45",NULL,"Produto com excelente qualidade e acabamento. Super recomendável."
5,"2018-04-20 18:21:52",NULL,"Produto chegou uns 15 dias antes do prazo. (O que é ótimo) Entrega rápida. Super bem embalado. "
5,"2018-05-22 23:02:19",NULL,NULL
5,"2018-08-26 00:40:44",Ótimo,"Gastei muito

"
5,"2017-10-30 19:37:31",NULL,"O produto chegou antes do prazo e em perfeitas condições. "
5,"2017-09-24 03:45:52",NULL,NULL
5,"2017-10-25 20:24:44",NULL,"gostei muito chegou antes do prazo estabelecido"
5,"2018-08-13 20:50:16",NULL,NULL
5,"2018-08-10 14:15:49","Recomendo. ","O produto é muito bom"
5,"2017-09-04 13:10:58",NULL,NULL
5,"2018-05-20 13:26:38",NULL,NULL
5,"2017-10-04 01:10:14",NULL,"Recebi só o kit ficou faltando um molinete de 3 rolamento que comprei juntos no mesmo dia por favor me manda resposta quando o outro chega"
5,"2018-03-15 19:11:46",NULL,NULL
5,"2018-01-14 21:25:04",NULL,NULL
5,"2018-06-27 03:48:38",NULL,NULL
5,"2018-01-27 16:49:33",NULL,NULL
5,"2017-04-12 03:07:15",NULL,"Gostei muito eu recomendo o produto"
5,"2018-07-31 18:41:19",NULL,NULL
5,"2018-02-18 03:11:20",NULL,NULL
5,"2018-08-02 00:40:27",NULL,NULL
5,"2017-10-22 14:31:28",NULL,NULL
5,"2017-09-05 22:25:47",NULL,NULL
5,"2017-04-04 02:34:45",NULL,"ainda não abri minha loja e não testei o produto.
"
5,"2017-10-25 12:36:25",NULL,NULL
5,"2017-08-21 13:11:07",NULL,NULL
5,"2017-04-03 15:52:24",NULL,NULL
5,"2018-02-03 22:43:33",NULL,NULL
5,"2018-08-19 02:09:03",NULL,NULL
5,"2018-01-28 02:13:41",NULL,"Chegou no tempo certo"
5,"2018-04-02 12:40:38",NULL,"Comprei achando que seria um material simples, mas é bem melhor do que esperava, vale a pena."
5,"2018-01-21 02:07:54",NULL,"Muito bom!"
5,"2017-05-24 19:26:47",NULL,NULL
5,"2017-11-08 12:41:30",NULL,NULL
5,"2018-05-20 13:32:02","Muito satisfeita!","Excelente a chave! Recomendo! "
5,"2018-02-04 23:02:19",NULL,NULL
5,"2018-04-26 23:53:10",NULL,NULL
5,"2018-08-22 02:39:00",NULL,"Ótimo equipamento!"
5,"2018-03-28 22:44:24",NULL,NULL
5,"2018-01-14 19:15:08",NULL,Boa
5,"2018-01-28 12:56:15",NULL,NULL
5,"2018-07-06 08:14:32",Otimo,"

"
5,"2018-07-02 07:05:11",NULL,NULL
5,"2017-10-08 07:47:33",NULL,"Produto de qualidade,entregue antes do prazo "
5,"2018-05-05 00:03:22",NULL,NULL
5,"2018-08-26 03:56:50",NULL,"Amei o produto. Super recomendo. Manual de instruções muito facil de entender."
5,"2017-12-18 05:50:10",NULL,NULL
5,"2017-07-31 18:57:48",NULL,NULL
5,"2018-06-13 23:52:58",NULL,NULL
5,"2018-08-09 20:38:56",NULL,NULL
5,"2018-05-02 17:34:11",NULL,NULL
5,"2018-05-29 05:24:07",Excelente,"Entrega rápida.
"
5,"2018-06-03 01:49:34",NULL,NULL
5,"2017-11-21 17:24:34",NULL,"recebi os 2 produtos sim recomendo a todos voces esta de parabeis nota 10
obrigado"
5,"2018-02-18 09:04:59",NULL,NULL
5,"2018-07-18 21:17:32",NULL,NULL
5,"2017-06-16 21:38:14",NULL,NULL
5,"2018-03-29 22:35:07",NULL,"Cumpriu e respeitou o consumidor."
5,"2017-11-05 01:37:02",NULL,"Recebi o produto antes do informado. Perfeito. Agora so falta receber o outro produto pois a compra foi dividida em 2 entregas"
5,"2017-03-23 02:23:01",NULL,NULL
5,"2018-05-06 01:40:33",Otimo!,"Loja muito boa! Parabens!"
5,"2017-12-20 23:59:23",NULL,NULL
5,"2017-09-29 18:39:13",NULL,NULL
5,"2017-11-13 09:47:09",NULL,NULL
5,"2017-09-05 02:23:49",NULL,"Bom trabalho"
5,"2018-08-02 04:55:44","Recomendo ",NULL
5,"2017-04-04 01:13:23",NULL,NULL
5,"2018-02-16 18:36:18",NULL,NULL
5,"2018-08-08 14:13:16",10,"Já conhecia o produto"
5,"2018-05-22 21:32:48",NULL,NULL
5,"2018-04-19 13:14:25",NULL,NULL
5,"2017-05-11 13:07:06",NULL,"Produto excelente qualidade. Compra chegou na data prevista."
5,"2018-05-13 01:48:26",NULL,NULL
5,"2018-04-04 12:55:39",NULL,NULL
5,"2017-05-29 13:46:34",NULL,"Adorei o produto"
5,"2017-06-05 02:35:19",NULL,NULL
5,"2017-08-24 13:32:50",NULL,NULL
5,"2018-01-27 09:46:45",NULL,NULL
5,"2018-03-10 01:43:11",NULL,"O produto é de qualidade e de custo benefício
"
5,"2017-12-08 13:38:55",NULL,NULL
5,"2018-04-18 22:24:57",NULL,"Bem confortável, meu filho amou."
5,"2018-08-26 01:09:09",NULL,NULL
5,"2018-08-17 16:32:10",NULL,NULL
5,"2017-09-29 15:21:23",NULL,NULL
5,"2017-06-15 04:57:27",NULL,"Ótimo, não tive problema s com a compra, o stark sempre me informando a situação do produto por emails, dentro do prazo."
5,"2018-09-03 17:20:21","Tudo perfeito","Chegou antes do prazo. Obrigado."
5,"2018-04-14 01:56:59",NULL,"O perfume é bom, tem uma fixação boa, mas não há uma grande expansão do cheiro!"
5,"2018-05-13 03:43:11",NULL,NULL
5,"2018-08-04 04:45:24","Eu recomendo ",NULL
5,"2018-08-06 15:42:44",NULL,NULL
5,"2018-08-06 15:31:21",NULL,NULL
5,"2018-08-14 19:07:46",NULL,NULL
5,"2017-08-19 02:02:40",NULL,NULL
5,"2017-03-27 13:32:53",NULL,"muito bom vendedor entrega o esperado e antes do prazo. recomendo"
5,"2018-01-24 10:46:05",NULL,"Muito pratico"
5,"2018-02-07 03:22:29",NULL,"Chegou em bom estado, encaixou muito bem no celular, capinha muito bonita e fina, recomendo!!!"
5,"2017-09-10 00:44:37",NULL,NULL
5,"2018-08-16 02:01:58",Excelente!!,"Produto chegou antes do prazo e era exatamente o que eu estava procurando"
5,"2017-12-22 04:17:42",NULL,"Produto entregue dentro do prazo estabelecido e de ótima qualidade cumprindo os requisitos especificados no anúncio."
5,"2017-12-26 12:55:42",NULL,NULL
5,"2018-08-08 19:31:13",NULL,NULL
5,"2018-02-02 12:23:59",NULL,NULL
5,"2017-09-19 17:57:29",NULL,NULL
5,"2018-08-03 08:48:19",NULL,NULL
5,"2017-12-03 13:23:49",NULL,"O produto de excelente qualidade, o único problema que não consegui relatar no site um probleminha que foi uma trava que veio faltando, a trava "C" que é do encosto, gostaria que me enviassem."
5,"2018-05-14 21:25:50",NULL,NULL
5,"2017-12-03 01:52:23",NULL,NULL
5,"2018-07-02 18:44:11",ótima,"recomendo sempre"
5,"2018-04-13 23:44:25",NULL,NULL
5,"2018-05-05 17:43:46",Recomendo,"Recomendo o produto, entrega no prazo. Sem problemas com instalação do driver."
5,"2017-12-16 00:44:53",NULL,NULL
5,"2017-07-12 05:01:14",NULL,NULL
5,"2018-03-25 23:47:06",NULL,NULL
5,"2018-02-01 15:36:11",NULL,NULL
5,"2018-03-22 14:09:05",NULL,NULL
5,"2017-05-23 16:15:11",NULL,NULL
5,"2017-11-23 11:09:04",NULL,NULL
5,"2018-08-29 19:07:55",NULL,NULL
5,"2018-08-11 01:36:34","super recomendo","Produto excelente e otimo atendimento!! Muito grata!!!!"
5,"2017-08-05 01:29:51",NULL,"Foi bom recebe no praco certo"
5,"2018-03-18 19:36:24",NULL,NULL
5,"2017-12-27 21:44:56",NULL,NULL
5,"2018-01-06 21:09:00",NULL,NULL
5,"2017-07-28 12:59:24",NULL,NULL
5,"2018-02-07 20:47:26",NULL,NULL
5,"2018-05-17 14:00:57",NULL,"Gostei do relógio muito lindo mesmo! amo essa marca..."
5,"2018-02-08 11:13:47",NULL,NULL
5,"2018-06-07 02:18:53",NULL,NULL
5,"2018-01-11 21:23:12",NULL,NULL
5,"2017-03-23 17:38:22",NULL,NULL
5,"2017-05-22 11:06:43",NULL,NULL
5,"2018-03-22 02:04:09",NULL,NULL
5,"2017-09-18 20:15:02",NULL,"Recebido, tudo certinho!"
5,"2018-01-10 00:56:11",NULL,NULL
5,"2018-04-04 02:55:16",NULL,NULL
5,"2018-05-04 05:46:59",NULL,NULL
5,"2017-11-17 04:58:31",NULL,"Produto veio perfeito e antes do prazo de entrega."
5,"2018-03-10 03:28:28",NULL,NULL
5,"2017-12-21 06:22:49",NULL,NULL
5,"2017-05-21 23:01:45",NULL,"o produto recebir com defeito a cortina desfiada e aoutra erada"
5,"2017-12-12 18:58:18",NULL,NULL
5,"2018-03-18 12:13:34",NULL,"Produto excelente. Empresa rápida e o produto chegou antes do prazo. Parabéns"
5,"2018-02-24 13:58:07",NULL,NULL
5,"2018-06-08 22:18:21",NULL,NULL
5,"2018-08-04 15:03:49",Ótimo,"Produto chegou em perfeito Estado. Bem embalado e protegido. "
5,"2018-04-12 17:32:35",NULL,NULL
5,"2018-02-03 02:34:54",NULL,"Ótimo produto e excelente produto."
5,"2017-12-04 08:16:21",NULL,NULL
5,"2018-08-24 21:44:45",NULL,NULL
5,"2018-03-26 22:35:51",NULL,"Gostei Recebi o produto no prazo certo."
5,"2018-05-21 23:50:29","LINDO GORRO","AMEI O GORRO, É LINDO E COM ÓTIMO PREÇO. RECOMENDO SEM DÚVIDA!"
5,"2018-01-10 11:44:41",NULL,NULL
5,"2017-09-05 20:54:43",NULL,NULL
5,"2017-04-22 01:07:57",NULL,"Pontualidade e ótimos produtos."
5,"2018-03-15 21:18:25",NULL,NULL
5,"2018-05-22 02:02:36",NULL,NULL
5,"2018-08-27 13:09:47",NULL,"Produto de alta qualidade, recomendo. Entregue super rapida!"
5,"2017-07-08 17:47:30",NULL,"gira facilmente! "
5,"2017-12-15 01:30:37",NULL,"Excelente loja, super confiável , entrega no prazo, preço bom, satisfação garantida."
5,"2017-07-17 12:23:36",NULL,NULL
5,"2018-07-26 13:41:37","super recomendado",excelente
5,"2018-05-30 21:30:21",NULL,NULL
5,"2017-03-17 16:21:44",NULL,NULL
5,"2017-09-15 22:12:51",NULL,NULL
5,"2018-01-31 17:23:45",NULL,NULL
5,"2018-08-29 11:48:14",NULL,"Entregue antes do prazo"
5,"2018-08-28 02:23:23","Ótimo ","Gostei muito, ótima qualidade. "
5,"2018-08-14 12:56:12",NULL,NULL
5,"2017-12-22 02:40:53",NULL,"Tirando a entrega o produto é ótimo..."
5,"2018-08-25 22:43:27",Bom,Bom
5,"2017-11-27 01:59:59",NULL,NULL
5,"2018-06-04 18:47:32","Muito bom","Entregaram antes do prazo, o produto veio bem embalado e era conforme a descrição do site. 
Muito bonito e funciona bem. "
5,"2017-12-04 20:03:46",NULL,NULL
5,"2018-03-19 12:12:56",NULL,NULL
5,"2017-08-30 22:29:49",NULL,"Amei o produto !"
5,"2018-01-13 20:55:44",NULL,NULL
5,"2017-11-29 14:39:00",NULL,"Muito bem embalados"
5,"2017-12-21 11:57:44",NULL,NULL
5,"2018-05-12 04:57:05",NULL,NULL
5,"2017-08-30 15:08:07",NULL,"Ótimo produto, bons preços e entrega rápida. "
5,"2017-03-11 01:58:57",NULL,........................
5,"2018-03-25 06:11:41",NULL,NULL
5,"2018-04-10 23:48:50",NULL,"Produto de boa qualidade, loja cumpriu o prazo.. recomendo "
5,"2018-05-31 17:03:08",10,"Primeira vez que compro e gostei entregaram até antes da data muito bom "
5,"2018-06-06 00:16:50",NULL,NULL
5,"2017-12-06 12:43:43",NULL,NULL
5,"2017-09-06 04:10:23",NULL,NULL
5,"2018-02-22 00:43:39",NULL,NULL
5,"2018-08-06 17:26:42",NULL,NULL
5,"2017-06-23 14:26:51",NULL,NULL
5,"2017-12-08 22:40:32",NULL,NULL
5,"2017-08-04 14:27:11",NULL,NULL
5,"2018-08-15 23:32:09",NULL,NULL
5,"2018-07-03 11:36:18",NULL,NULL
5,"2017-12-22 00:14:12",NULL,NULL
5,"2018-05-14 06:30:46","Ótimo ","Ótimo produto vale cada centavo "
5,"2018-03-16 01:32:45",NULL,NULL
5,"2017-12-09 03:11:09",NULL,"Ainda não o instalei, mais parece ser um ótimo produto, recomendo!"
5,"2017-06-11 01:28:47",NULL,NULL
5,"2018-05-03 01:52:06",Excelente...,"Se pré compro são muitos sério no que fazem..."
5,"2017-12-05 18:51:50",NULL,"Recebi antes do prazo e o produto veio conforme esperado "
5,"2018-07-01 00:52:28",NULL,NULL
5,"2017-09-06 02:59:23",NULL,NULL
5,"2018-02-16 01:37:48",NULL,NULL
5,"2017-05-19 13:32:12",NULL,NULL
5,"2017-09-07 16:50:34",NULL,NULL
5,"2018-08-24 00:19:30",Ótimo,"Entrega super rápida, antes mesmo do prazo. Muito bom."
5,"2018-01-01 20:08:25",NULL,"lannister + a empresa partner bateram o recorde
com relaçao ao prazo de entrega.
Foram extremamente eficientes e rapidos......me 
surpreendeu !!!!"
5,"2018-02-19 14:32:50",NULL,NULL
5,"2018-04-17 12:47:41",NULL,"Muito satisfeito!!!
Entrega super rápido, excelente atendimento.
Empresa comprometida com à satisfação do seu cliente!"
5,"2018-02-15 17:40:23",NULL,"Muito bom"
5,"2017-12-05 09:43:58",NULL,NULL
5,"2018-08-29 17:52:40",Ótimo!,"Conforme chegou conforme anunciado, recomendo a loja.."
5,"2017-12-15 21:16:56",NULL,NULL
5,"2017-10-14 18:12:12",NULL,NULL
5,"2017-10-10 17:32:14",NULL,NULL
5,"2018-08-27 00:08:46",NULL,NULL
5,"2018-08-10 19:14:02",NULL,NULL
5,"2018-08-16 04:59:08",NULL,NULL
5,"2018-03-02 10:11:05",NULL,NULL
5,"2017-02-10 15:06:32",NULL,NULL
5,"2017-12-06 03:47:29",NULL,NULL
5,"2017-08-06 02:05:30",NULL,"Recebi o produto bem antes da data prevista
Adorei essa compra."
5,"2017-08-10 22:09:39",NULL,NULL
5,"2018-07-06 01:06:25",NULL,ok
5,"2017-03-24 00:52:37",NULL,"Muito satisfeita pelas compras realizadas , no prazo e tudo de primeira qualidade.
PARABÉNS!"
5,"2017-10-20 18:35:34",NULL,"Tudo que eu esperava, lindas e grandes tecido muito bom."
5,"2018-03-26 16:43:57",NULL,NULL
5,"2017-12-14 17:47:58",NULL,"Recomendo o Site e o produto para todos aqueles que estão pensando em adquirir."
5,"2017-10-09 17:30:56",NULL,NULL
5,"2018-07-26 23:52:36",NULL,NULL
5,"2017-12-27 19:38:42",NULL,NULL
5,"2018-05-11 15:37:47","Produto excelente!!!",NULL
5,"2018-04-16 19:45:51",NULL,NULL
5,"2018-03-01 13:42:46",NULL,"gostei muito no futuro próximo comprarei mais produtos ...."
5,"2018-04-03 17:07:39",NULL,NULL
5,"2018-06-03 14:23:57",NULL,NULL
5,"2018-08-10 04:08:37",NULL,NULL
5,"2017-05-11 19:46:46",NULL,"Gostei muito"
5,"2017-03-18 14:43:45",NULL,"UM DOS MELHORES SERVIÇO DE ENTREGA SIMPLES PARA MIM 8 DIAS"
5,"2017-12-14 21:35:03",NULL,NULL
5,"2018-07-26 01:01:37","muito bom","tudo ocorreu com prometido e esperado. recomendo com empenho."
5,"2017-11-02 23:28:54",NULL,"Entregue corretamente, amei a encomenda."
5,"2017-06-28 01:08:57",NULL,NULL
5,"2017-09-24 00:07:08",NULL,NULL
5,"2018-06-25 17:25:25",NULL,NULL
5,"2018-04-16 01:29:42",NULL,NULL
5,"2018-06-13 12:39:01",NULL,NULL
5,"2017-05-17 22:16:13",NULL,"Produto original,é um ótimo atendimento."
5,"2018-04-02 19:57:53",NULL,NULL
5,"2017-05-17 16:36:46",NULL,NULL
5,"2018-07-05 20:56:11",NULL,NULL
5,"2017-09-08 21:56:02",NULL,NULL
5,"2017-10-24 16:24:06",NULL,NULL
5,"2018-06-04 13:37:12",recomendo,NULL
5,"2017-12-13 10:05:26",NULL,NULL
5,"2018-06-29 23:02:11",NULL,NULL
5,"2017-12-22 12:44:50",NULL,NULL
5,"2018-06-08 03:40:11","Muito boa",NULL
5,"2017-12-14 21:14:39",NULL,NULL
5,"2017-05-17 15:41:42",NULL,NULL
5,"2018-03-25 21:07:34",NULL,NULL
5,"2018-01-02 15:25:48",NULL,"Chegou antes do prazo, super rápido."
5,"2017-01-17 13:41:29",NULL,"Comprei e chegou antes do prazo, tudo perfeito."
5,"2018-06-21 21:32:47",NULL,NULL
5,"2017-09-10 06:30:28",NULL,NULL
5,"2018-01-12 18:49:14",NULL,NULL
5,"2017-07-05 17:00:36",NULL,"Gostei muito do produto, excelente"
5,"2017-09-22 11:54:23",NULL,"O produto é ótimo e a entrega foi antes do previsto. Parabéns a empresa"
5,"2018-03-29 13:15:23",NULL,NULL
5,"2018-03-24 23:57:50",NULL,NULL
5,"2017-03-21 17:42:03",NULL,NULL
5,"2017-02-21 12:12:38",NULL,"Foi entregue ante do prazo"
5,"2018-03-14 10:22:14",NULL,NULL
5,"2018-01-18 11:39:26",NULL,NULL
5,"2017-07-18 15:10:20",NULL,"Entrega rápida."
5,"2018-04-11 16:51:33",NULL,NULL
5,"2018-05-06 02:13:26",NULL,NULL
5,"2017-06-29 15:34:23",NULL,NULL
5,"2018-07-24 22:42:40",NULL,NULL
5,"2018-08-04 11:40:05",Recomendo,"Recebi dentro do prazo estabelecido, adorei os produtos "
5,"2018-01-10 13:11:43",NULL,"Tudo certo prazo e produto correto"
5,"2018-08-04 02:02:35","Muito bom ","Rapida entrega...bem antes da data"
5,"2017-11-27 18:35:08",NULL,NULL
5,"2017-06-02 20:41:07",NULL,NULL
5,"2018-04-11 13:08:11",NULL,NULL
5,"2017-11-24 00:02:50",NULL,"Ótimo produto de excelente qualidade, entrega dentro do prazo determinado"
5,"2017-05-13 16:50:20",NULL,"Tudo correto."
5,"2018-04-14 13:18:52",NULL,"Produto chegou antes do prazo estabelecido, devidamente acondicionado, sensacional "
5,"2017-08-31 09:25:50",NULL,NULL
5,"2018-03-27 23:53:12",NULL,NULL
5,"2017-12-12 00:03:12",NULL,NULL
5,"2018-05-10 15:36:33","Super recomendo",Ótimo.
5,"2018-01-11 20:00:27",NULL,"Entrega super rápida, produto de ótima qualidade, recomendo com certeza"
5,"2017-10-10 00:55:07",NULL,NULL
5,"2018-01-12 14:37:42",NULL,NULL
5,"2017-09-25 01:05:12",NULL,NULL
5,"2017-06-13 14:20:13",NULL,NULL
5,"2017-11-02 01:25:24",NULL,NULL
5,"2018-04-19 14:29:00",NULL,"Produto de qualidade."
5,"2017-07-27 03:17:02",NULL,"A LOJA é boa, compro há muitos anos, só que, desta vez, o PRODUTO VEIO DEFEITUOSO e já solicitei a troca."
5,"2017-09-22 03:37:40",NULL,NULL
5,"2018-06-24 16:48:51",NULL,NULL
5,"2018-07-26 03:41:26",Ótimo,"Recebi o relógio, veio muito bem embalado e protegido de danos, no tempo previsto para entrega, estou satisfeitíssima, grata pela atenção."
5,"2018-04-08 15:11:32",NULL,NULL
5,"2017-10-23 20:25:35",NULL,NULL
5,"2018-08-11 15:23:34",NULL,NULL
5,"2018-07-20 04:57:44",NULL,NULL
5,"2017-08-05 13:51:38",NULL,NULL
5,"2018-02-09 18:03:22",NULL,NULL
5,"2018-08-22 19:12:25",NULL,NULL
5,"2017-03-20 16:34:17",NULL,"adorei o produto e chegou bemmm antes do prazo...parabens..há anos compro nas lannister..parabensssssss!!!"
5,"2018-08-04 12:55:15",NULL,NULL
5,"2018-01-27 00:43:42",NULL,NULL
5,"2018-02-15 22:55:32",NULL,"Todas minhas compras chegaram antes do prazo "
5,"2018-03-11 01:10:19",NULL,NULL
5,"2018-01-23 22:55:39",NULL,NULL
5,"2018-06-01 22:47:50",NULL,NULL
5,"2017-10-04 23:39:25",NULL,NULL
5,"2017-12-04 16:54:07",NULL,NULL
5,"2018-07-25 04:49:15",NULL,NULL
5,"2018-08-31 21:30:50",NULL,NULL
5,"2017-09-06 08:00:10",NULL,NULL
5,"2017-06-03 02:49:33",NULL,"Muito bom...recomendo"
5,"2017-11-18 03:23:15",NULL,NULL
5,"2018-04-29 20:21:06","Chegou antes do tempo ","Produto bem embalado. Chegou antes do prazo. 
Fiquei muito satisfeita como sempre! "
5,"2018-05-10 23:44:43","excelente fornecedor","Entregue em em boa embalagem e dentro do prazo!"
5,"2017-07-07 23:11:21",NULL,"Adorei a toalha "
5,"2017-05-22 12:36:07",NULL,NULL
5,"2018-04-09 01:33:17",NULL,NULL
5,"2017-11-28 16:09:35",NULL,NULL
5,"2018-02-28 20:45:48",NULL,NULL
5,"2018-06-09 04:52:22",NULL,NULL
5,"2018-05-13 14:57:37",NULL,NULL
5,"2018-05-11 15:43:06","ÓTIMO PRODUTO","PRODUTO DE QUALIDADE E NO TAMANHO IDEAL."
5,"2018-02-25 23:10:26",NULL,NULL
5,"2018-08-11 14:15:23","Satisfatório ",NULL
5,"2018-08-08 20:41:05","Super recomendo.","Entrega antes do prazo, ótimo produto. Super recomendo essa loja"
5,"2018-08-22 02:51:55",Ótimo,NULL
5,"2017-12-28 23:36:50",NULL,"A agenda é cara mas quem vale o preço para quem
gosta."
5,"2017-06-07 10:46:30",NULL,NULL
5,"2018-09-04 00:06:27",NULL,NULL
5,"2017-12-03 22:31:58",NULL,NULL
5,"2017-08-01 01:42:06",NULL,NULL
5,"2018-02-09 00:17:40",NULL,"Super recomendo a loja chegou além do prazo previsto muito bom 
"
5,"2018-01-31 17:38:01",NULL,NULL
5,"2018-07-11 22:59:37",NULL,NULL
5,"2018-08-18 23:53:41","Bom loja",NULL
5,"2017-11-19 02:30:07",NULL,NULL
5,"2018-07-13 16:57:47",NULL,"Muito bom!"
5,"2017-10-31 17:35:25",NULL,"produto chegou antes do prazo..adorei"
5,"2017-08-03 04:11:09",NULL,NULL
5,"2017-12-31 12:54:31",NULL,NULL
5,"2018-05-24 15:05:33",NULL,NULL
5,"2017-02-18 11:26:23",NULL,NULL
5,"2018-04-13 20:14:27",NULL,NULL
5,"2018-07-24 05:24:13","Assim como uso, recomendo","Muito rapido, muito pratico, sempre recebi os produtos exatamente como foram divulgados e ainda antes do prazo. "
5,"2016-12-16 12:07:22",NULL,"Excelente eficácia na venda. O produto chegou em segurança, bem protegido e muito antes do prazo de entrega."
5,"2017-02-10 08:45:15",NULL,NULL
5,"2017-10-06 21:15:27",NULL,"Previsão de entrega até 18/10, recebi em 05/10, excelente."
5,"2018-08-30 02:32:51",NULL,NULL
5,"2018-07-29 17:55:51",NULL,NULL
5,"2018-08-05 14:05:37","Ótimo ","Produto ótimo, chegou certinho e um detalhe , sem risco , td nos conforme "
5,"2017-05-20 05:20:09",NULL,"Entrega rápida e produto em boas condições."
5,"2017-09-11 23:04:37",NULL,NULL
5,"2017-07-01 13:39:23",NULL,"Bom demias!!! adoro o baratheon."
5,"2017-05-29 16:28:51",NULL,NULL
5,"2018-01-28 01:09:06",NULL,NULL
5,"2018-04-12 16:24:40",NULL,"Depois que efetuei a compra. Fui informado após alguns dias que não havia estoque do produto. Mas mesmo assim agradeço o ótimo atendimento."
5,"2018-03-07 14:10:42",NULL,NULL
5,"2018-05-22 20:27:25",NULL,NULL
5,"2017-11-02 22:08:57",NULL,NULL
5,"2017-07-27 11:00:01",NULL,"Produto entregue no prazo e em perfeitas condições de uso. Muito bom!"
5,"2018-06-16 22:53:00",NULL,NULL
5,"2018-05-20 16:19:25",NULL,NULL
5,"2018-05-22 03:31:34",Recomendo,"Entrega antes do prazo. Muito bom"
5,"2018-05-05 00:02:19",NULL,NULL
5,"2017-12-12 00:38:46",NULL,NULL
5,"2018-07-25 08:18:27","Compra de relógio masculi","Lindo relógio, perfeito...muito elegante...meu marido adorou!"
5,"2018-03-19 21:11:24",NULL,NULL
5,"2018-01-07 19:46:53",NULL,NULL
5,"2018-06-30 17:09:02",NULL,NULL
5,"2018-08-13 13:32:11",NULL,NULL
5,"2018-04-12 13:58:18",NULL,"Ótimo, recebi antes do prazo"
5,"2017-08-28 23:34:59",NULL,"excelente empresa recomendo a todos.
O produto foi entregue antes do prazo!!!"
5,"2017-09-29 20:24:38",NULL,"Adorei! Chegou alguns dias antes do prazo, já está instalado, perfeito e lindo! Super recomendo! Abraços!"
5,"2017-12-05 01:04:00",NULL,NULL
5,"2018-01-21 01:48:42",NULL,NULL
5,"2018-07-29 03:34:31",NULL,NULL
5,"2017-08-27 03:53:12",NULL,NULL
5,"2018-05-25 22:51:11",NULL,NULL
5,"2017-12-21 03:00:59",NULL,NULL
5,"2018-04-07 00:14:10",NULL,NULL
5,"2018-07-08 14:51:01",NULL,NULL
5,"2017-06-30 17:23:06",NULL,"Entrega feita bem antes do prazo, muito bom! 
"
5,"2018-01-31 20:36:47",NULL,NULL
5,"2017-12-19 20:01:45",NULL,NULL
5,"2018-05-04 17:58:55","super recomendo","Produto maravilhoso, é caro, porem muito bom di ontem p minha cachorra q estava pura pulga, já havia usado de tudo e nada resolvia hj ela sta sem uma pulga no corpo, adorei"
5,"2018-01-13 11:34:14",NULL,"É por isso que compro com vcs! Nota 10"
5,"2018-06-18 16:44:32",NULL,NULL
5,"2018-08-19 00:38:54",NULL,NULL
5,"2018-05-11 18:58:52","Parabens pela seriedade","Pedido entregue bem antes do cobinado obrigado parabens"
5,"2018-01-12 02:15:25",NULL,NULL
5,"2018-02-22 01:54:05",NULL,NULL
5,"2017-08-09 21:26:37",NULL,"a descrição do produto é tal qual o site indica."
5,"2017-07-29 13:24:34",NULL,NULL
5,"2017-05-23 16:55:04",NULL,"Sempre compro produtos na internet e no stark é o melhor lugar. Nunca tive problemas e as mercadorias me atendem perfeitamente como eu havia esperado."
5,"2018-03-31 02:56:13",NULL,NULL
5,"2018-08-28 00:16:22",NULL,NULL
5,"2017-09-15 18:58:42",NULL,NULL
5,"2017-10-30 11:29:44",NULL,NULL
5,"2018-06-18 15:40:34",NULL,NULL
5,"2018-07-13 01:35:43","Ótima ",NULL
5,"2017-12-27 00:47:33",NULL,NULL
5,"2018-04-10 21:03:44",NULL,NULL
5,"2017-07-17 02:34:07",NULL,NULL
5,"2018-08-29 03:58:22",NULL,NULL
5,"2018-08-30 02:55:22","Recebi antes do prazo",NULL
5,"2018-08-02 14:04:25",NULL,NULL
5,"2018-01-25 04:24:03",NULL,NULL
5,"2017-09-11 04:36:02",NULL,NULL
5,"2018-07-29 04:33:56","Ótima ",NULL
5,"2018-01-30 23:31:10",NULL,NULL
5,"2018-06-06 15:39:53",NULL,NULL
5,"2017-10-21 05:06:54",NULL,NULL
5,"2017-07-02 20:21:11",NULL,Bom
5,"2017-11-01 23:11:13",NULL,NULL
5,"2017-12-03 23:30:17",NULL,NULL
5,"2018-06-27 02:32:58",NULL,"Produto de excelente qualidade, entregue antes do prazo. "
5,"2017-12-21 23:10:21",NULL,"É a segunda vez que compro nessa loja e chegou mto antes do prazo, mto bom mesmo obrigada."
5,"2018-04-06 23:08:45",NULL,NULL
5,"2018-08-16 15:20:58",NULL,NULL
5,"2018-03-03 04:35:15",NULL,"Excelencia. Sempre compro aqui "
5,"2018-05-02 20:13:01",recomendo,"produto entregue antes do prazo previsto"
5,"2018-04-16 03:27:57",NULL,NULL
5,"2018-07-12 01:48:01",NULL,NULL
5,"2017-10-07 19:28:34",NULL,NULL
5,"2018-05-06 22:41:55",NULL,NULL
5,"2018-01-19 16:44:22",NULL,NULL
5,"2017-06-19 14:22:44",NULL,.
5,"2017-08-07 14:49:41",NULL,NULL
5,"2017-08-11 15:17:34",NULL,NULL
5,"2018-08-30 02:28:42",NULL,NULL
5,"2018-04-02 15:42:08",NULL,NULL
5,"2017-05-26 14:55:32",NULL,NULL
5,"2017-09-30 19:24:28",NULL,"Os produtos vendidos através do stark são muito bons e sempre de qualidade."
5,"2018-01-30 02:34:18",NULL," gostei muito de comprar excelente loja parabens"
5,"2017-03-25 12:35:14",NULL,"Como sempre, as lannister me surpreende, com sua entrega. Recebi meu produto, praticamente, 15 dias antes do prazo estipulado pela loja. Super recomendo as compras pelo site das lannister.com!"
5,"2017-12-29 21:16:34",NULL,NULL
5,"2017-07-28 18:26:12",NULL,NULL
5,"2018-06-17 23:14:09",NULL," "
5,"2018-07-15 01:59:44",NULL,NULL
5,"2017-12-16 02:12:52",NULL,Ótimo
5,"2017-10-20 19:35:39",NULL,"Produto excelente e de ótima qualidade. Adorei."
5,"2017-11-08 18:56:46",NULL,NULL
5,"2017-09-07 14:52:05",NULL,"Produto de alta qualidade, entrega no prazo e preço show de bola."
5,"2018-02-08 12:16:44",NULL,NULL
5,"2017-12-06 04:40:35",NULL,"atendeu minhas expectativas"
5,"2017-07-08 17:39:55",NULL,NULL
5,"2018-08-08 01:45:53","Excelente aquisição","A bomba é ótima, não dói e é fácil de ser utilizada."
5,"2018-04-06 01:19:34",NULL,NULL
5,"2018-02-02 15:21:45",NULL,NULL
5,"2018-02-04 02:41:02",NULL,NULL
5,"2017-12-18 21:58:17",NULL,NULL
5,"2018-05-25 03:56:10",recomendo,"superou a expectativa, tanto no produto como a entrega bem antes do prazo"
5,"2017-09-26 22:14:05",NULL,"como sempre amaricanas é impecavel no atendimento na venda e na entrega"
5,"2017-07-21 04:29:15",NULL,NULL
5,"2017-08-11 21:49:45",NULL,NULL
5,"2017-02-24 10:50:04",NULL,"Recebi o produto muito antes do prazo e original. Adorei "
5,"2018-05-14 15:03:01",Recomendo!,"Produto chegou direitinho e antes, muuuito antes do prazo! Superou minhas expectativas!"
5,"2017-12-11 04:43:02",NULL,NULL
5,"2018-07-08 02:27:17",RECOMENDO,"ótimo produto, ótimo atendimento, entrega.."
5,"2018-08-31 14:58:23","super recomendo","responsabilidade dom o cliente...parabéns."
5,"2018-07-08 05:35:11",NULL,NULL
5,"2018-03-07 01:10:34",NULL,NULL
5,"2018-02-18 20:55:15",NULL,"Entregue dentro do prazo, o produto correto, bem embalado, excelente experiência. Recomendo a loja."
5,"2017-09-12 02:59:18",NULL,NULL
5,"2018-02-09 11:34:43",NULL,"lannister sempre atendendo bem."
5,"2017-10-15 19:30:32",NULL,NULL
5,"2018-09-06 00:33:44",NULL,NULL
5,"2018-05-01 12:07:11",NULL,NULL
5,"2018-06-29 04:17:22","Nota 10",NULL
5,"2018-06-21 11:20:15",NULL,NULL
5,"2017-07-24 16:15:04",NULL,NULL
5,"2017-07-07 14:30:20",NULL,"Produto de qualidade, por ótimo preço e entregue conforme combinado."
5,"2018-06-30 01:52:22",NULL,NULL
5,"2017-10-27 17:44:34",NULL,NULL
5,"2018-08-08 00:24:48",NULL,NULL
5,"2018-08-02 19:57:57","Ótimo ",NULL
5,"2018-04-14 22:41:47",NULL,"eu recomendo essa loja pode comprar sen medo obrigado"
5,"2017-12-06 21:54:19",NULL,"Produto com qualidade boa "
5,"2018-01-03 01:54:47",NULL,"muito bom"
5,"2017-06-22 15:00:18",NULL,otimo
5,"2018-07-11 15:57:15",************,"Minha filha adorou as cartas."
5,"2017-01-18 12:56:57",NULL,"Recomendo a loja! Produto entregue dentro do prazo e de ótima qualidade. Exatamente como esperava."
5,"2018-01-26 10:38:09",NULL,NULL
5,"2018-01-21 02:12:53",NULL,NULL
5,"2017-10-20 17:59:57",NULL,NULL
5,"2018-04-11 16:47:32",NULL,NULL
5,"2018-02-19 12:02:37",NULL,"Produto chegou no prazo correto, foi o modelo correto e bem embalado."
5,"2017-12-21 23:04:33",NULL,"A loja até mandou uma cartinha escrita a mão me agradecendo pela compra. Que bonitinho :)"
5,"2017-03-18 17:19:20",NULL,NULL
5,"2018-07-27 21:51:09",Excelente,"O produto funciona corretamente, aquece bem e é indicado para microeletrônica uma vez que a ponteira é bem fina. Quanto ao prazo, chegou em 1 semana e estou no nordeste."
5,"2018-03-30 10:06:53",NULL,"Atendeu minhas espectativas"
5,"2018-06-06 01:36:30",NULL,NULL
5,"2017-10-11 20:31:29",NULL,NULL
5,"2018-04-23 17:49:02",NULL,NULL
5,"2018-03-28 00:48:06",NULL,"O produto é muito bom. Atrasou para chegar mas foi culpa da greve dos correios. De resto o produto chegou conforme as especificações do anuncio e tem uma boa qualidade. Recomendo"
5,"2018-08-06 12:23:53",NULL,NULL
5,"2018-05-22 18:49:51",NULL,NULL
5,"2017-05-17 14:26:46",NULL,NULL
5,"2018-02-17 18:29:00",NULL,"Bom produto."
5,"2017-05-24 20:37:31",NULL,NULL
5,"2017-09-23 10:57:32",NULL,"Entrega muito antes do prazo!!! Show de bola"
5,"2017-12-01 20:27:39",NULL,"A mercadoria chegou 12 dias antes da data prevista. Parabéns"
5,"2018-05-14 15:44:51","Produto lindo!","Super recomendo! Lindas as luminárias e entrega rápida, antes do prazo."
5,"2018-02-15 20:54:34",NULL,NULL
5,"2018-01-24 15:19:40",NULL,NULL
5,"2017-12-16 01:51:54",NULL,NULL
5,"2018-01-22 15:36:17",NULL,NULL
5,"2018-02-10 23:43:29",NULL,NULL
5,"2017-12-13 17:44:44",NULL,"Recomendaria a loja por sua rapidez e preocupação com o cliente."
5,"2017-07-10 23:35:35",NULL,NULL
5,"2017-04-05 01:40:49",NULL,"Show entregue antes do tempo parabéns. 
"
5,"2018-05-10 14:59:24",NULL,NULL
5,"2017-08-28 12:54:51",NULL,NULL
5,"2018-05-23 16:50:34",Ótimo,"Muito Bom, Produto, entrega"
5,"2018-03-12 14:37:22",NULL,NULL
5,"2018-08-24 10:29:49",Ótima,"Sem problemas"
5,"2018-04-21 17:45:45",NULL,otimo
5,"2018-03-20 23:58:41",NULL,NULL
5,"2018-05-20 09:46:57","Muito boa qualidade",NULL
5,"2018-01-30 22:02:54",NULL,NULL
5,"2018-07-15 19:19:16",NULL,NULL
5,"2018-07-31 23:15:13",Recomendo,"Entrega Rápida demais!"
5,"2018-04-27 16:12:14",NULL,NULL
5,"2017-06-29 21:43:01",NULL,NULL
5,"2018-08-23 01:30:26","Muito bom ","muito bom"
5,"2017-05-10 11:22:03",NULL,NULL
5,"2018-06-01 05:53:11",NULL,NULL
5,"2018-03-04 20:34:02",NULL,NULL
5,"2018-03-06 18:01:43",NULL,NULL
5,"2017-12-18 17:28:12",NULL,NULL
5,"2017-06-09 21:23:27",NULL,"Supero minhas expectativas. Muito bom o produto."
5,"2017-08-19 03:39:30",NULL,NULL
5,"2018-08-02 13:37:59",NULL,NULL
5,"2018-02-16 00:06:52",NULL,"Demorou bastante, mas chegou direitinho, pelo menos aparentemente. Não veio com falhas, nem com nada faltando e aparenta ser de boa qualidade. Tive problemas com a entrega e fui muito bem atendida."
5,"2017-03-20 01:26:25",NULL,NULL
5,"2018-08-21 00:10:26","Ótimo ","Chegou na data certa, produto muito bom."
5,"2018-06-25 05:06:17",NULL,NULL
5,"2018-01-29 09:25:57",NULL,NULL
5,"2018-07-01 01:47:19",NULL,NULL
5,"2017-10-09 13:46:41",NULL,"Fui atendido dentro de minhas expectativas, prazo, valor e produto. Além de poder voltar a comprar, recomento também..."
5,"2017-03-09 14:21:10",NULL,NULL
5,"2018-03-15 12:32:21",NULL,NULL
5,"2018-05-21 21:01:37",NULL,"LOJA BEM RECOMEDADA"
5,"2017-09-08 03:28:10",NULL,NULL
5,"2018-01-29 00:12:20",NULL,NULL
5,"2018-08-27 22:46:37",NULL,NULL
5,"2017-10-21 14:30:44",NULL,LINDA!!!
5,"2018-04-28 18:14:30",NULL,NULL
5,"2017-11-04 22:01:36",NULL,NULL
5,"2018-01-31 19:14:58",NULL,NULL
5,"2018-06-20 12:53:36",NULL,NULL
5,"2018-03-22 00:41:23",NULL,NULL
5,"2018-04-12 21:35:49",NULL,NULL
5,"2018-07-13 04:40:10","Tudo certo!","A compra ocorreu como o esperado, desde de o pedido até o recebimento do produto. Tudo bem certinho. "
5,"2018-08-24 17:28:10","Satisfeito ","A fechadura é de ótima qualidade, veio dentro do prazo e é de fácil instalação. Já instalei e está funcionando perfeitamente, muito satisfeito e recomendo a todos. Obs: na foto estava com chave tetra!"
5,"2018-04-17 23:42:01",NULL,"Recebi meu livro em perfeitas condições e no prazo. Recomento a loja."
5,"2018-03-21 15:21:14",NULL,"Produto entregue dentro do prazo ."
5,"2017-10-17 04:04:24",NULL,NULL
5,"2018-04-13 19:41:12",NULL,"Loja eficiente "
5,"2018-08-08 15:03:15",NULL,NULL
5,"2017-12-15 16:21:40",NULL,NULL
5,"2017-10-21 16:16:03",NULL,"A entrega super rápida, me deram 11 dias de prazo com 2 dias chegou o produto "
5,"2018-08-05 01:52:39",NULL,NULL
5,"2018-01-13 11:42:32",NULL,"RECOMENDO,CHEGA ANTES DO PRAZO."
5,"2017-08-12 13:27:19",NULL,"Ótima compra, o prazo era para o dia 28, e chegou no dia 10.
Eu paguei a entrega econômica. Super recomendo essa loja."
5,"2018-07-24 02:58:15",NULL,NULL
5,"2018-07-10 23:25:34",NULL,NULL
5,"2017-07-18 23:45:09",NULL,NULL
5,"2018-08-15 02:32:19",TOP,"Muito boa, reforçado cabo de aço, chave tetra, comprei para prender minha magrela, recomendo
"
5,"2017-04-23 21:36:59",NULL,NULL
5,"2018-04-15 21:52:14",NULL,NULL
5,"2017-12-29 20:51:26",NULL,NULL
5,"2018-08-23 20:44:43",NULL,NULL
5,"2017-03-25 12:40:55",NULL,NULL
5,"2018-01-25 00:40:23",NULL,"Parabéns pela eficiência e organização. "
5,"2018-03-29 12:52:00",NULL,NULL
5,"2018-07-03 23:52:56",NULL,NULL
5,"2017-09-27 12:17:36",NULL,NULL
5,"2018-08-14 21:12:45",Excelente,"cabo de excelente qualidade, chegou dentro do prazo."
5,"2018-08-25 23:29:02",NULL,NULL
5,"2018-08-14 16:25:20",ótima,ótima
5,"2018-05-23 13:00:46","Excelente ","Estou muito satisfeita com este parceiro de vcs que me enviou este produto, e também com a Empresa lannister"
5,"2017-05-28 22:44:48",NULL,"Muito bom!"
5,"2018-01-06 03:10:30",NULL,"Loja lannister sempre surpreendendo com as entregas, super rápida parabéns pelo comprometimento com nós clientes."
5,"2017-03-22 11:44:13",NULL,"Sem surpresas desagradáveis. Td como planejado e chegou bem rápido "
5,"2018-02-01 18:08:48",NULL,"Eficiente do pedido a entrega"
5,"2017-10-26 16:57:01",NULL,NULL
5,"2018-04-09 20:04:58",NULL,NULL
5,"2018-02-18 06:45:20",NULL,NULL
5,"2018-01-15 17:46:23",NULL,NULL
5,"2017-12-11 21:42:54",NULL,"Produto de qualidade e entrega rápida"
5,"2018-08-19 12:07:13",NULL,NULL
5,"2018-04-27 12:39:02",NULL,NULL
5,"2017-08-08 11:27:22",NULL,"Super indico, veio tudo certinho! "
5,"2018-05-10 13:24:42",NULL,NULL
5,"2017-06-30 02:35:08",NULL,"Amei realizei um sonho"
5,"2018-02-21 03:37:06",NULL,NULL
5,"2018-06-23 03:25:21",NULL,NULL
5,"2018-08-22 14:13:24","Excelente Loja",NULL
5,"2018-08-31 13:25:11","super recomendo",NULL
5,"2017-10-28 23:41:56",NULL,NULL
5,"2018-05-01 23:35:41",NULL,NULL
5,"2018-04-12 21:07:07",NULL,NULL
5,"2017-11-13 02:39:33",NULL,"Produto chegou em bom estado, recomendo."
5,"2018-06-09 05:55:44",NULL,NULL
5,"2017-06-10 17:14:23",NULL,NULL
5,"2017-12-22 00:26:42",NULL,NULL
5,"2017-06-23 22:19:43",NULL,NULL
5,"2017-09-18 20:12:53",NULL,"produto entregue antes do prazo, adorei"
5,"2017-06-11 02:25:19",NULL,"Sabor agradável.... Recomendo "
5,"2018-05-07 14:29:13",NULL,NULL
5,"2018-05-04 00:24:42",NULL,NULL
5,"2018-06-06 01:27:11","Ótimo ","Produto de excelente qualidade "
5,"2018-03-02 02:26:28",NULL,NULL
5,"2017-12-20 07:55:58",NULL,"entrega antes do prazo, recomendo."
5,"2018-07-16 12:52:04","Muito bom!!",NULL
5,"2018-07-16 16:18:31",Otima,NULL
5,"2018-06-01 22:44:36",Excelente,"Foi entregue muito bem embalado, o produto é bom. Já está instalado.."
5,"2017-12-21 02:56:14",NULL,NULL
5,"2018-02-15 02:04:24",NULL,NULL
5,"2017-10-09 13:56:14",NULL,NULL
5,"2018-06-04 14:17:14","Boa aquisição","Bom produto"
5,"2017-07-23 01:30:25",NULL,NULL
5,"2017-05-27 01:30:24",NULL,NULL
5,"2018-05-21 21:42:09",NULL,NULL
5,"2017-11-03 17:19:03",NULL,"sem nenhum problema, recomendo"
5,"2017-05-15 14:39:37",NULL,NULL
5,"2018-03-09 23:13:51",NULL,NULL
5,"2018-08-07 18:56:10",NULL,NULL
5,"2018-01-29 02:11:48",NULL,"Foi entregue dentro do prazo, e corretamente."
5,"2018-08-31 20:05:06",NULL,NULL
5,"2018-08-26 15:05:08",Bom,Recomendo
5,"2017-04-13 04:47:48",NULL,NULL
5,"2017-11-16 13:08:56",NULL,NULL
5,"2018-08-10 20:44:48","Recomendo ","Muito bom o produto"
5,"2017-09-08 22:30:04",NULL,"recomendo, papel de parede lindo e facil colocação. só a cola que veio é dificil diluir na agua."
5,"2018-04-05 20:15:32",NULL,NULL
5,"2017-12-22 21:17:07",NULL,NULL
5,"2018-02-21 19:38:18",NULL,NULL
5,"2017-12-17 22:29:00",NULL,"Entrega dentro do prazo e o produto (aparelho auditivo) atendeu às expectativas. Tudo certo!"
5,"2017-07-18 21:22:10",NULL,NULL
5,"2017-09-28 03:41:09",NULL,NULL
5,"2018-05-14 00:57:01",NULL,NULL
5,"2018-01-17 23:20:50",NULL,NULL
5,"2018-04-19 19:03:10",NULL,"muito prestativo "
5,"2018-02-26 10:38:04",NULL,"A entrega e o atendimento foi otimo super recomendo"
5,"2018-06-30 00:17:52",NULL,"Ótima loja. Entrega rápida. Estou satisfeita"
5,"2017-11-05 08:15:27",NULL,"Super indico. Parabéns Loja americana.. bem antes do prazo! ?"
5,"2018-01-24 00:00:11",NULL,NULL
5,"2018-06-11 15:11:57",NULL,NULL
5,"2017-10-05 13:42:09",NULL,NULL
5,"2017-05-25 01:03:56",NULL,NULL
5,"2017-10-26 17:00:19",NULL,NULL
5,"2018-02-25 13:19:16",NULL,NULL
5,"2018-07-04 21:06:28",NULL,NULL
5,"2018-06-11 15:00:58","CAPA DE COLCHÃO","TUDO ÓTIMO"
5,"2018-03-26 01:54:54",NULL,NULL
5,"2018-05-06 16:04:25",Excelente,NULL
5,"2018-07-03 14:00:57",NULL,NULL
5,"2018-08-30 20:22:27",NULL,NULL
5,"2018-04-20 12:21:36",NULL,NULL
5,"2017-10-20 18:19:58",NULL,"Produto correto e foi entregue no prazo."
5,"2018-08-26 14:45:15","SUPER RECOMENDO","Gostei do produto foi o esperado"
5,"2018-03-02 15:36:04",NULL,NULL
5,"2017-06-15 16:07:03",NULL,"Recebi o produto 2 dias depois ds compra. foi super rápido. recomendo!"
5,"2017-10-11 19:12:16",NULL,NULL
5,"2018-07-30 06:45:57",Otimo,Otimo
5,"2018-04-07 00:24:05",NULL,NULL
5,"2017-03-29 16:30:31",NULL,"Comprei um kit proteção Mormaii e adorei o preço e a qualidade. É necessário observar que os tamanhos não são claros se é pra adulto ou infantil. Ainda bem que pedi G e deu certinho. Estou satisfeita!"
5,"2017-06-28 16:06:36",NULL,NULL
5,"2018-06-28 19:33:39",NULL,NULL
5,"2017-12-19 20:20:47",NULL,NULL
5,"2017-11-05 14:25:06",NULL,NULL
5,"2017-10-24 22:13:44",NULL,NULL
5,"2017-05-04 20:31:05",NULL,NULL
5,"2018-08-14 22:37:20",NULL,"Comprei a capa da ABC design para um carrinho da Graco, modelo Gotham. Ficou muito bom. Os dois assentos estão bem protegidos. Além disso, o produto foi entregue antes do prazo. Recomendo!"
5,"2018-05-20 19:39:59",NULL,NULL
5,"2018-08-04 15:33:46",NULL,NULL
5,"2018-08-02 01:22:23",Perfeito!,"O perfume é ótimo. O preço sem comparação. Podem comprar sem medo."
5,"2018-04-15 18:16:42",NULL,NULL
5,"2018-05-10 23:49:29",NULL,NULL
5,"2017-07-09 01:10:15",NULL,NULL
5,"2017-12-04 19:59:32",NULL,NULL
5,"2017-06-19 21:05:43",NULL,"Produto entregue no prazo, e corretamente
recomendo muitoo"
5,"2018-08-18 21:07:25","Recomendo ","A princípio fiquei com receio por não ter nenhuma avaliação aqui, mas pesquisei mais informações sobre a empresa e comprei e super recomendo. O aparelho chegou com 10 dias e veio sem nenhum defeito."
5,"2018-06-26 15:18:38","Super recomendo","Gostei muito dessa experiência. E me surpreendi, pois recebi meu produto antes do prazo, e estou contente, pois achei que não o receberia antes de viajar. Super recomendo!! "
5,"2017-05-24 01:28:05",NULL,NULL
5,"2017-10-04 01:01:38",NULL,NULL
5,"2018-06-07 02:04:10",NULL,NULL
5,"2018-07-28 00:19:40",NULL,NULL
5,"2018-07-28 02:32:13","Shouwwww gosteiii muito ","Gostei muito .. está de parabéns ??? Recomendo a loja..TOP"
5,"2017-12-06 22:49:30",NULL,NULL
5,"2018-01-11 17:09:50",NULL,"Produto nao e original mas e bem confecionado e atende igual de fabrica. "
5,"2018-03-11 09:20:34",NULL,NULL
5,"2017-09-11 17:19:53",NULL,NULL
5,"2018-04-04 12:24:00",NULL,"Entregaram antes do prazo previsto!!"
5,"2018-05-10 16:34:04","Entrega rápida","Entregou antes do previsto, minha filha amou o relógio."
5,"2017-03-23 02:48:19",NULL,NULL
5,"2018-01-21 00:42:20",NULL,NULL
5,"2018-07-05 18:34:05",5,"super indico , pois o produto chegou em perfeito estado,e dentro do prazo de entrega. Parabéns pela eficiência!!"
5,"2018-02-04 21:05:42",NULL,"Muito bom o tapete. Exatamente o que eu esperava. Entrega demorou um pouco.mas tava dentro do prazo. Recomendo. "
5,"2018-03-04 15:07:36",NULL,NULL
5,"2018-02-22 00:30:42",NULL,NULL
5,"2018-04-12 23:56:31",NULL,NULL
5,"2018-07-30 21:49:16","super recomendado","ótimo prduto"
5,"2018-07-30 10:42:21",NULL,NULL
5,"2018-02-04 03:19:29",NULL,NULL
5,"2018-02-23 01:20:16",NULL,NULL
5,"2018-05-10 15:11:33",NULL,NULL
5,"2017-11-19 16:56:09",NULL,"Kit bolsa muito bonita e ótimo material, a targaryen eu recomendo, sempre entregou os produtos bem embalados e na metade do tempo previsto."
5,"2017-09-01 00:09:25",NULL,"Produto de ótima qualidade,entrega no prazo,preço ótimo,super indico essa loja e o produto."
5,"2018-08-24 18:56:19",NULL,NULL
5,"2017-06-04 02:35:30",NULL,NULL
5,"2018-06-19 01:42:51",NULL,NULL
5,"2018-04-13 22:57:05",NULL,NULL
5,"2017-11-20 11:37:25",NULL,NULL
5,"2017-04-05 22:31:11",NULL,NULL
5,"2018-02-05 01:24:00",NULL,"A minha opinião é que a entrega no prazo é muito importante é satisfatório. "
5,"2018-04-01 00:31:26",NULL,NULL
5,"2017-11-08 10:54:45",NULL,NULL
5,"2018-03-31 02:36:38",NULL,NULL
5,"2018-05-10 18:01:22",recomendo,NULL
5,"2017-10-24 20:01:25",NULL,"super recomendo, todas as compras chegam direitinho do jeito que encomendei e antes do prazo,"
5,"2017-11-30 20:40:25",NULL,NULL
5,"2018-01-29 08:33:27",NULL,NULL
5,"2017-09-30 23:04:53",NULL,NULL
5,"2017-07-22 17:23:43",NULL,NULL
5,"2017-07-20 12:37:20",NULL,NULL
5,"2018-01-31 14:34:27",NULL,NULL
5,"2017-12-18 00:47:46",NULL,Recomendo
5,"2017-12-23 15:50:34",NULL,NULL
5,"2018-04-18 17:38:57",NULL,NULL
5,"2017-07-08 12:45:25",NULL,"Ótima compra "
5,"2017-04-28 15:59:26",NULL,NULL
5,"2018-05-12 04:34:52",NULL,"Muito bom...."
5,"2018-04-25 02:32:48",NULL,NULL
5,"2018-04-23 14:02:46",NULL,NULL
5,"2017-06-14 01:43:41",NULL,NULL
5,"2017-03-24 16:29:58",NULL,Otimo
5,"2018-05-21 20:56:30",satisfeito,"tudo de acordo"
5,"2018-07-13 21:00:48",NULL,NULL
5,"2018-06-22 03:59:55","Muito lindo","Recomendo a colcha e linda! "
5,"2018-08-18 23:19:09","Entrega muito rapida","Produto muito bom."
5,"2018-06-13 00:27:39",MARAVILHOSO!!!,"TODOS OS PRODUTOS QUE PRECISO COMPRAR VIA INTERNET, SÓ FAÇO PELA lannister.COM.
EXCELENTE TODOS OS SERVIÇOS!!!!!
AS ENTREGAS SEMPRE CHEGAM ANTES DO PRAZO E ISSO É MUITO BOM!!!!"
5,"2017-10-21 16:56:03",NULL,NULL
5,"2018-01-20 04:03:27",NULL,NULL
5,"2017-07-20 14:03:22",NULL,NULL
5,"2018-02-03 21:27:51",NULL,NULL
5,"2016-10-31 01:54:26",NULL,"Muito bom vendedor, produto chegou antes do prazo,excelente"
5,"2017-08-11 23:50:56",NULL,"super recomendo"
5,"2018-05-24 00:03:15",NULL,NULL
5,"2018-06-07 12:22:08",otimo,"tudo bem ele chegou ate antes do prazo"
5,"2017-12-02 14:30:20",NULL,NULL
5,"2018-01-24 18:56:10",NULL,"Produto entregue como previsto."
5,"2017-09-23 04:27:00",NULL,"O produto chegou na metade do prazo, em bom estado."
5,"2017-12-01 19:26:10",NULL,NULL
5,"2017-03-23 17:08:34",NULL,NULL
5,"2018-01-19 11:21:21",NULL,NULL
5,"2018-02-24 03:13:07",NULL,NULL
5,"2017-04-07 23:44:36",NULL,NULL
5,"2018-04-28 01:10:19",NULL,NULL
5,"2017-08-27 22:54:55",NULL,NULL
5,"2018-03-04 15:07:53",NULL,"boa loja"
5,"2018-01-27 01:21:40",NULL,NULL
5,"2018-02-20 03:36:11",NULL,NULL
5,"2018-06-18 09:33:39",Ótimo!!!,"Gostei muito do produto!!! Excelente."
5,"2018-08-31 03:17:43",NULL,NULL
5,"2018-05-10 17:46:21",NULL,NULL
5,"2018-05-21 23:40:39",NULL,NULL
5,"2018-06-10 20:48:59",NULL,NULL
5,"2017-11-16 15:30:18",NULL,"a lannister entregou super rapido, mas o tablet qbex só funcionou 24 hs, vou ter que pedir devolução"
5,"2018-05-16 15:27:42","Otima produto ","otima entrega e produto"
5,"2017-12-12 11:43:58",NULL,NULL
5,"2017-07-29 04:30:35",NULL,NULL
5,"2017-07-07 01:01:25",NULL,NULL
5,"2018-04-18 19:08:22",NULL,"Tudo ok"
5,"2018-03-30 03:06:54",NULL,NULL
5,"2018-01-29 22:33:33",NULL,"Produto excelente"
5,"2017-08-04 11:35:23",NULL,"É lindo! Super fofinho "
5,"2018-02-05 18:10:20",NULL,NULL
5,"2018-04-13 11:32:50",NULL,"O produto é ótimo. A entrega foi super rápida. Voltarei a comprar novamente."
5,"2018-05-02 00:48:59",Satisfeita,"O produto foi entregue bem antes do prazo."
5,"2018-07-14 12:41:49",NULL,NULL
5,"2017-05-15 01:41:50",NULL,NULL
5,"2017-08-19 04:08:39",NULL,"ta de parabens"
5,"2018-05-03 16:29:09",Recomendo,"chegou tudo certo e o produto e muito bom "
5,"2018-04-03 05:09:30",NULL,NULL
5,"2018-04-03 19:04:27",NULL,NULL
5,"2018-06-20 13:48:47",NULL,NULL
5,"2017-10-03 22:01:47",NULL,NULL
5,"2018-08-27 02:35:19",NULL,NULL
5,"2017-06-07 13:13:38",NULL,"otimo produto chegou em boas condições "
5,"2017-11-06 13:01:28",NULL,NULL
5,"2017-08-15 02:33:21",NULL,"gostei chegou certo."
5,"2018-07-10 23:15:21",NULL,NULL
5,"2018-04-29 03:53:59","Ótimo produto ","Excelente relógio perfeito "
5,"2017-08-28 22:57:26",NULL,"Rápido e simples, primeira compra feita com uma mão, pelo celular."
5,"2017-10-27 00:01:01",NULL,NULL
5,"2018-05-02 22:54:16",otimo,"Ainda ganhei um livro de brinde"
5,"2018-03-01 01:49:31",NULL,"Produto cfe o anunciado! Entregue no prazo..."
5,"2018-01-15 21:50:10",NULL,NULL
5,"2018-06-28 15:58:03",10,"estamos juntos e misturados."
5,"2018-09-02 23:09:20",NULL,NULL
5,"2017-03-20 15:56:37",NULL,NULL
5,"2018-02-23 19:21:25",NULL,NULL
5,"2018-05-11 03:25:28",NULL,NULL
5,"2018-05-16 18:12:33",NULL,"Chegou muito antes do prazo previsto"
5,"2017-12-14 09:38:53",NULL,"Produto igual a foto e de boa qualidade. Recomendo"
5,"2018-08-29 22:04:09",NULL,NULL
5,"2018-03-22 15:04:05",NULL,"O relógio atendeu às minhas expectativas."
5,"2017-10-21 22:51:57",NULL,"Ótima loja para se comprar."
5,"2018-08-23 00:59:39",NULL,NULL
5,"2018-05-16 14:27:47",NULL,NULL
5,"2017-12-14 01:17:50",NULL,NULL
5,"2017-05-26 11:45:42",NULL,NULL
5,"2018-02-28 14:02:34",NULL,NULL
5,"2018-06-28 17:09:17","MT bom","Chegou no prazo tudo certinho "
5,"2018-08-06 13:14:00",NULL,NULL
5,"2018-02-21 14:13:51",NULL,"A entrega foi realizada antes do prazo."
5,"2018-02-05 18:13:52",NULL,NULL
5,"2018-04-17 02:43:04",NULL,NULL
5,"2018-06-20 22:23:27",NULL,NULL
5,"2018-08-25 04:10:51","Ótimo produto","Adorei o teclado. "
5,"2018-06-24 14:43:49","Super recomendo","Entrega super rápida, amei o produto."
5,"2018-05-10 13:00:12",NULL,NULL
5,"2017-07-14 11:40:54",NULL,Hh
5,"2018-04-27 13:38:03","ótimo produto!","atendeu minhas expectativas!"
5,"2017-04-23 17:36:57",NULL,NULL
5,"2017-05-12 19:21:18",NULL,NULL
5,"2017-11-08 23:45:33",NULL,NULL
5,"2018-08-28 22:46:39",NULL,NULL
5,"2018-01-31 01:12:01",NULL,NULL
5,"2018-08-13 13:10:33",recomendo,"chegou no prazo e produto correto"
5,"2018-01-14 16:00:48",NULL,"Ta muito dificil comprar com as lannister levei quase 30 dias pra receber meu produto nao recomendo pela demora "
5,"2017-08-29 22:35:43",NULL,NULL
5,"2018-02-16 00:56:52",NULL,NULL
5,"2018-07-03 22:56:45","super recomendo",NULL
5,"2018-06-25 15:13:16",NULL,NULL
5,"2018-06-08 15:03:55",NULL,NULL
5,"2017-11-09 01:14:26",NULL,"atendimento com o prazo de entrega muito bom no prazo"
5,"2018-05-12 04:08:15",NULL,NULL
5,"2018-03-16 18:06:41",NULL,NULL
5,"2017-03-13 14:05:29",NULL,"Foi super rápido comprar e receber, produto conforme a foto."
5,"2017-08-17 01:52:14",NULL,NULL
5,"2018-08-07 22:57:39",NULL,NULL
5,"2018-01-30 12:38:53",NULL,"Ótimo antendimento e entrega sem nenh problema"
5,"2018-04-25 00:11:29",NULL,NULL
5,"2017-11-03 17:26:58",NULL,NULL
5,"2018-08-20 03:08:35","Super recomendo otima","Gostei do produto, o prazo foi exato e o preço ,muito bom.
Comparei sempre"
5,"2017-07-19 13:17:58",NULL,"ótimo vendedor"
5,"2017-01-26 11:43:06",NULL,NULL
5,"2018-04-28 00:48:08",NULL,NULL
5,"2017-02-24 11:56:04",NULL,NULL
5,"2018-05-03 01:14:32",NULL,NULL
5,"2018-01-01 23:20:10",NULL,"Serviços de entrega rápido e perfeito. "
5,"2018-05-14 22:53:00","Ótimo vendedor ","Ótimo produto. Recomendo "
5,"2017-11-21 13:54:21",NULL,"Entrega no prazo, preço justo! Recomendo. "
5,"2017-07-04 21:18:49",NULL,"O produto chegou bem antes do prazo, conteúdo correto. Pode confiar!"
5,"2017-08-16 16:20:31",NULL,NULL
5,"2017-12-16 05:24:07",NULL,"Ótimo produto, entregue antes do prazo."
5,"2018-08-30 03:46:12","muito bom material super ",NULL
5,"2018-08-19 12:13:11",NULL,NULL
5,"2017-12-01 13:25:16",NULL,"amei!chegou certinho,bem embalado,antes do prazo."
